Method,n_samples,ARI,Clusters Found,Noise Points,Runtime (s)
GGDPC,8000,0.8156435268077818,2.0,0.0,2.582622686921619
GGDPC,5000,0.814429892185,2.0,0.0,1.0472606714172288
DPC-KNN-PCA,500,0.8125933885667764,2.0,0.0,0.018196816589683248
DPC,8000,0.8123481787760406,2.0,0.0,4.608206334235146
DPC-KNN-PCA,1000,0.811772426590854,2.0,0.0,0.07578471164032813
DPC-KNN-PCA,8000,0.8113499958451365,2.0,0.0,6.124832674842327
DPC-KNN-PCA,2000,0.8110160195918678,2.0,0.0,0.31575067673623564
GGDPC,2000,0.8108132708219349,2.0,0.0,0.20411203889269378
DPC-KNN-PCA,5000,0.8107350301908839,2.0,0.0,2.2514433927321806
DPC,5000,0.8095301510999866,2.0,0.0,1.8468613176839426
DPC-CE,8000,0.807857138580328,2.0,0.0,46.09666156567913
GGDPC,1000,0.8060901816902855,2.0,0.0,0.06782457179762419
DPC,2000,0.8046965835083519,2.0,0.0,0.3474191963523626
DPC-CE,5000,0.8032801390622515,2.0,0.0,20.747601370720194
DPC,1000,0.7979392108280838,2.0,0.0,0.1021092672720551
GGDPC,500,0.7956438230032273,2.0,0.0,0.026102690380066584
DPC-CE,2000,0.7941761938460788,2.0,0.0,4.8894411720465865
DPC,500,0.7851265468655972,2.0,0.0,2.5398454959178345
DPC-CE,1000,0.7801436908993387,2.0,0.0,1.8333295102827252
SNN-DPC,500,0.7790547553038563,2.0,0.0,0.1668015595357865
SNN-DPC,8000,0.771673128995308,2.0,0.0,693.4792471896885
SNN-DPC,5000,0.7698261521261166,2.0,0.0,179.87782601356506
SNN-DPC,2000,0.7689416516729162,2.0,0.0,10.286937081300653
SNN-DPC,1000,0.7687978070243442,2.0,0.0,1.212259314013645
DPC-CE,500,0.7475493709151697,2.0,0.0,0.7333374327188358
DPC-DLP,8000,0.7232950044687413,2.0,0.0,42.65244752154592
DPC-DLP,5000,0.6941240250641956,2.0,0.0,14.975927520526573
DPC-DLP,2000,0.5809314113505231,2.0,0.0,1.653773483986035
DPC-DLP,1000,0.457817751070392,2.0,0.0,0.3572637348715216
DPC-DLP,500,0.31786745214965023,2.0,0.0,0.07528866870515044
DPC-MDNN,500,0.19176623837877033,2.0,0.0,0.26453616758249693
DPC-MDNN,1000,0.07003011632044118,1.919,0.657,1.135579590623267
DPC-MDNN,2000,0.008917941748607217,1.668,4.321,5.7237325058560815
DPC-MDNN,5000,0.0004662800515641671,1.178,19.008,56.38720798934996
DPC-MDNN,8000,0.0002206692002874978,1.052,26.212,179.7312574455375
